{"main":"american-flights-api.raml","name":"American Flights API","organizationId":"9804d1ea-f416-4ff1-bbd8-25e124495c1e","groupId":"9804d1ea-f416-4ff1-bbd8-25e124495c1e","assetId":"american-flights-api","version":"1.0.3","metadata":{"branchId":"master","commitId":"c3c4beb3cebd8744c81510dd2ec4c72c33b481fa","projectId":"fc4980eb-e461-4427-a0c3-1c903c37f6eb"},"apiVersion":"v1","classifier":"raml","dependencies":[{"assetId":"training-american-flight-data-type","groupId":"68ef9520-24e9-4cf2-b2f5-620025690913","version":"1.0.1"},{"assetId":"training-american-flights-example","groupId":"68ef9520-24e9-4cf2-b2f5-620025690913","version":"1.0.1"}],"tags":[],"originalFormatVersion":"1.0"}